{
  "E3-JSI-Domains": {
    "threshold": 0.75,
    "f1": 0.7160512321174444,
    "precision": 0.7557312252964427,
    "recall": 0.6803302021064617
  },
  "Finetuned-PII": {
    "threshold": 0.65,
    "f1": 0.6600539712639486,
    "precision": 0.6768885564697082,
    "recall": 0.6440364360945061
  },
  "Gretel-Base": {
    "threshold": 0.0,
    "f1": 0.4429248723559446,
    "precision": 0.6161846778285135,
    "recall": 0.3457159123256476
  },
  "Knowledge-Base": {
    "threshold": 0.55,
    "f1": 0.6941176470588236,
    "precision": 0.7491754617414248,
    "recall": 0.6465983489894677
  }
}