{
  "models_evaluated": 4,
  "test_samples": 2296,
  "threshold": 0.5,
  "normalization": "137 canonical labels + 13 hierarchical families",
  "results": {
    "Finetuned-PII": {
      "precision": 0.6151596082920006,
      "recall": 0.6883449551729045,
      "f1": 0.6496977837474815,
      "tp": 4837,
      "fp": 3026,
      "fn": 2190,
      "exact_precision": 0.5964644537708254,
      "exact_recall": 0.6675206376316538,
      "exact_f1": 0.6299952985425481,
      "exact_tp": 4690,
      "exact_fp": 3173,
      "exact_fn": 2336,
      "hierarchical_improvement": 0.01970248520493345,
      "time": 291.4212327003479,
      "num_labels": 23,
      "post_processing": {
        "enabled": false
      }
    },
    "E3-JSI-Domains": {
      "precision": 0.4633832287139868,
      "recall": 0.8192942515651679,
      "f1": 0.5919605222576333,
      "tp": 5758,
      "fp": 6668,
      "fn": 1270,
      "exact_precision": 0.4461612747464993,
      "exact_recall": 0.7890691716481639,
      "exact_f1": 0.5700185070943862,
      "exact_tp": 5544,
      "exact_fp": 6882,
      "exact_fn": 1482,
      "hierarchical_improvement": 0.02194201516324712,
      "time": 1668.7356119155884,
      "num_labels": 23,
      "post_processing": {
        "enabled": false
      }
    },
    "Gretel-Base": {
      "precision": 0.6361342417360586,
      "recall": 0.3587590721502775,
      "f1": 0.4587807097361238,
      "tp": 2521,
      "fp": 1442,
      "fn": 4506,
      "exact_precision": 0.6043401463537724,
      "exact_recall": 0.3408767435240535,
      "exact_f1": 0.4358904358904359,
      "exact_tp": 2395,
      "exact_fp": 1568,
      "exact_fn": 4631,
      "hierarchical_improvement": 0.02289027384568787,
      "time": 621.0284600257874,
      "num_labels": 23,
      "post_processing": {
        "enabled": false
      }
    },
    "Knowledge-Base": {
      "precision": 0.2953883867013942,
      "recall": 0.8228766538625694,
      "f1": 0.43472378804960543,
      "tp": 5784,
      "fp": 13797,
      "fn": 1245,
      "exact_precision": 0.2842551452939074,
      "exact_recall": 0.7922003985197836,
      "exact_f1": 0.4183861389859811,
      "exact_tp": 5566,
      "exact_fp": 14015,
      "exact_fn": 1460,
      "hierarchical_improvement": 0.016337649063624338,
      "time": 1107.3765499591827,
      "num_labels": 23,
      "post_processing": {
        "enabled": false
      }
    }
  }
}