{
  "models_evaluated": 4,
  "test_samples": 2296,
  "threshold": 0.1,
  "normalization": "137 canonical labels + 13 hierarchical families",
  "results": {
    "Finetuned-PII": {
      "precision": 0.6552264312161777,
      "recall": 0.6544807965860597,
      "f1": 0.6548534016510105,
      "tp": 4601,
      "fp": 2421,
      "fn": 2429,
      "exact_precision": 0.6385645115351751,
      "exact_recall": 0.6382009678337603,
      "exact_f1": 0.6383826879271071,
      "exact_tp": 4484,
      "exact_fp": 2538,
      "exact_fn": 2542,
      "hierarchical_improvement": 0.016470713723903407,
      "time": 383.38066697120667,
      "num_labels": 21,
      "post_processing": {
        "enabled": false
      }
    },
    "E3-JSI-Domains": {
      "precision": 0.4887625236934741,
      "recall": 0.7701607168254871,
      "f1": 0.5980121479845389,
      "tp": 5415,
      "fp": 5664,
      "fn": 1616,
      "exact_precision": 0.4755844390287932,
      "exact_recall": 0.7499288357529177,
      "exact_f1": 0.5820491576912454,
      "exact_tp": 5269,
      "exact_fp": 5810,
      "exact_fn": 1757,
      "hierarchical_improvement": 0.01596299029329351,
      "time": 290.80544686317444,
      "num_labels": 21,
      "post_processing": {
        "enabled": false
      }
    },
    "Gretel-Base": {
      "precision": 0.6499088304245897,
      "recall": 0.35495803101436907,
      "f1": 0.45914611704085395,
      "tp": 2495,
      "fp": 1344,
      "fn": 4534,
      "exact_precision": 0.6402709038812191,
      "exact_recall": 0.34984343865641904,
      "exact_f1": 0.4524620340543028,
      "exact_tp": 2458,
      "exact_fp": 1381,
      "exact_fn": 4568,
      "hierarchical_improvement": 0.006684082986551154,
      "time": 267.190416097641,
      "num_labels": 21,
      "post_processing": {
        "enabled": false
      }
    },
    "Knowledge-Base": {
      "precision": 0.30883947939262474,
      "recall": 0.8102148242993313,
      "f1": 0.44721033413168954,
      "tp": 5695,
      "fp": 12745,
      "fn": 1334,
      "exact_precision": 0.287472885032538,
      "exact_recall": 0.7544833475661827,
      "exact_f1": 0.4163197989476165,
      "exact_tp": 5301,
      "exact_fp": 13139,
      "exact_fn": 1725,
      "hierarchical_improvement": 0.03089053518407303,
      "time": 186.28533601760864,
      "num_labels": 21,
      "post_processing": {
        "enabled": false
      }
    }
  }
}