{
  "models_evaluated": 4,
  "test_samples": 50,
  "threshold": 0.3,
  "normalization": "137 canonical labels + 13 hierarchical families",
  "results": {
    "Finetuned-PII": {
      "precision": 0.6050955414012739,
      "recall": 0.6050955414012739,
      "f1": 0.6050955414012739,
      "tp": 95,
      "fp": 62,
      "fn": 62,
      "exact_precision": 0.5859872611464968,
      "exact_recall": 0.5859872611464968,
      "exact_f1": 0.5859872611464968,
      "exact_tp": 92,
      "exact_fp": 65,
      "exact_fn": 65,
      "hierarchical_improvement": 0.019108280254777066,
      "time": 7.378597021102905,
      "num_labels": 28
    },
    "E3-JSI-Domains": {
      "precision": 0.38578680203045684,
      "recall": 0.4840764331210191,
      "f1": 0.4293785310734463,
      "tp": 76,
      "fp": 121,
      "fn": 81,
      "exact_precision": 0.3553299492385787,
      "exact_recall": 0.445859872611465,
      "exact_f1": 0.3954802259887006,
      "exact_tp": 70,
      "exact_fp": 127,
      "exact_fn": 87,
      "hierarchical_improvement": 0.03389830508474573,
      "time": 7.215568780899048,
      "num_labels": 34
    },
    "Gretel-Base": {
      "precision": 0.372972972972973,
      "recall": 0.4394904458598726,
      "f1": 0.40350877192982454,
      "tp": 69,
      "fp": 116,
      "fn": 88,
      "exact_precision": 0.2648648648648649,
      "exact_recall": 0.31210191082802546,
      "exact_f1": 0.2865497076023392,
      "exact_tp": 49,
      "exact_fp": 136,
      "exact_fn": 108,
      "hierarchical_improvement": 0.11695906432748532,
      "time": 7.474918842315674,
      "num_labels": 42
    },
    "Knowledge-Base": {
      "precision": 0.30851063829787234,
      "recall": 0.554140127388535,
      "f1": 0.3963553530751709,
      "tp": 87,
      "fp": 195,
      "fn": 70,
      "exact_precision": 0.22695035460992907,
      "exact_recall": 0.40764331210191085,
      "exact_f1": 0.29157175398633256,
      "exact_tp": 64,
      "exact_fp": 218,
      "exact_fn": 93,
      "hierarchical_improvement": 0.10478359908883833,
      "time": 4.851594924926758,
      "num_labels": 40
    }
  }
}